<PAMDataset>
  <PAMRasterBand band="1">
    <GDALRasterAttributeTable tableType="thematic">
      <FieldDefn index="0">
        <Name>min</Name>
        <Type>1</Type>
        <Usage>3</Usage>
      </FieldDefn>
      <FieldDefn index="1">
        <Name>max</Name>
        <Type>1</Type>
        <Usage>4</Usage>
      </FieldDefn>
      <FieldDefn index="2">
        <Name>redmin</Name>
        <Type>0</Type>
        <Usage>10</Usage>
      </FieldDefn>
      <FieldDefn index="3">
        <Name>redmax</Name>
        <Type>0</Type>
        <Usage>14</Usage>
      </FieldDefn>
      <FieldDefn index="4">
        <Name>greenmin</Name>
        <Type>0</Type>
        <Usage>11</Usage>
      </FieldDefn>
      <FieldDefn index="5">
        <Name>greenmax</Name>
        <Type>0</Type>
        <Usage>15</Usage>
      </FieldDefn>
      <FieldDefn index="6">
        <Name>bluemin</Name>
        <Type>0</Type>
        <Usage>12</Usage>
      </FieldDefn>
      <FieldDefn index="7">
        <Name>bluemax</Name>
        <Type>0</Type>
        <Usage>16</Usage>
      </FieldDefn>
      <Row index="0">
        <F>16622.59718651355</F>
        <F>617709.5674571614</F>
        <F>0</F>
        <F>0</F>
        <F>0</F>
        <F>0</F>
        <F>0</F>
        <F>0</F>
      </Row>
      <Row index="1">
        <F>1463.87692453644</F>
        <F>16622.59718651355</F>
        <F>0</F>
        <F>0</F>
        <F>0</F>
        <F>0</F>
        <F>255</F>
        <F>0</F>
      </Row>
      <Row index="2">
        <F>128.9247733622734</F>
        <F>1463.87692453644</F>
        <F>0</F>
        <F>0</F>
        <F>255</F>
        <F>0</F>
        <F>255</F>
        <F>255</F>
      </Row>
      <Row index="3">
        <F>30.00789031023864</F>
        <F>128.9247733622734</F>
        <F>0</F>
        <F>0</F>
        <F>255</F>
        <F>255</F>
        <F>0</F>
        <F>255</F>
      </Row>
      <Row index="4">
        <F>1</F>
        <F>30.00789031023864</F>
        <F>255</F>
        <F>0</F>
        <F>255</F>
        <F>255</F>
        <F>0</F>
        <F>0</F>
      </Row>
      <Row index="5">
        <F>-1</F>
        <F>1</F>
        <F>255</F>
        <F>255</F>
        <F>255</F>
        <F>255</F>
        <F>0</F>
        <F>0</F>
      </Row>
      <Row index="6">
        <F>-30.00789031023864</F>
        <F>-1</F>
        <F>0</F>
        <F>255</F>
        <F>255</F>
        <F>255</F>
        <F>0</F>
        <F>0</F>
      </Row>
      <Row index="7">
        <F>-128.9247733622734</F>
        <F>-30.00789031023864</F>
        <F>0</F>
        <F>0</F>
        <F>255</F>
        <F>255</F>
        <F>255</F>
        <F>0</F>
      </Row>
      <Row index="8">
        <F>-1463.87692453644</F>
        <F>-128.9247733622734</F>
        <F>0</F>
        <F>0</F>
        <F>0</F>
        <F>255</F>
        <F>255</F>
        <F>255</F>
      </Row>
      <Row index="9">
        <F>-16622.59718651355</F>
        <F>-1463.87692453644</F>
        <F>0</F>
        <F>0</F>
        <F>0</F>
        <F>0</F>
        <F>0</F>
        <F>255</F>
      </Row>
      <Row index="10">
        <F>-955067.4045093985</F>
        <F>-16622.59718651355</F>
        <F>0</F>
        <F>0</F>
        <F>0</F>
        <F>0</F>
        <F>0</F>
        <F>0</F>
      </Row>
    </GDALRasterAttributeTable>
    <Metadata>
      <MDI key="STATISTICS_APPROXIMATE">YES</MDI>
      <MDI key="STATISTICS_MAXIMUM">613148.86792614</MDI>
      <MDI key="STATISTICS_MEAN">140.18574162813</MDI>
      <MDI key="STATISTICS_MINIMUM">-953095.18024406</MDI>
      <MDI key="STATISTICS_STDDEV">16502.88735973</MDI>
      <MDI key="STATISTICS_VALID_PERCENT">100</MDI>
    </Metadata>
  </PAMRasterBand>
</PAMDataset>
