cartodb_id,the_geom,test,safield006,safield005,safield004,safield003
279,0101000020E6100000A3B8A8E088016140F26E5A608CEE4140,1,菅町,,,不明
110,0101000020E610000070A6CF5FB90461408ED4CC9E6CF64140,10,氷坂町46-41-2,屋外,ファミールほのか前駐車場,全災害時
172,0101000020E610000027E43A1B630461402B756486C8F34140,10,高森町7-1,屋外,陣屋第二公園,全災害時
1,0101000020E6100000B4950B44690561407D8CE9E7B4F34140,8,府中一丁目１3-7,屋内,越前市生涯学習センター,風水害時
2,0101000020E610000015421F4069056140CD35D619B5F34140,10,府中一丁目１3-7,屋内,越前市生涯学習センター,全災害時
3,0101000020E6100000F3EE8CCA6B056140FD141266B9F34140,8,府中一丁目13-15,屋内,越前市東公民館,風水害時
4,0101000020E610000038E2572C6205614018BCF41B32F44140,10,国府二丁目9-12,屋外,武生東小学校グラウンド,全災害時
5,0101000020E6100000CB996A36740561400866FBDFCDF34140,8,府中一丁目,屋内,平和堂４Fフロアー,風水害時
6,0101000020E610000097BDFA18780561405A2D21034DF34140,10,吾妻町1,屋外,立体交差下広場,全災害時
7,0101000020E61000008D9722F867056140AC8EA8820CF34140,10,住吉町3-22,屋外,スミヨシパーク（矢佐駐車場）,全災害時
8,0101000020E6100000EC650C59810561407737078F29F34140,8,堀川町4-18,屋内,堀川町ふれあい会館,風水害時
9,0101000020E6100000EE2E80037B05614045F6D3E195F34140,10,錦町,屋内,錦町ふれあい会館,全災害時
10,0101000020E61000002FA51BD07E056140EB483B6FF4F34140,8,万代町9-5,屋内,東保育園,風水害時
11,0101000020E610000059B1B3CB5D056140618F33133AF34140,10,天王町5,屋外,八坂神社,全災害時
12,0101000020E6100000540D423A510561409490B46981F34140,10,蓬莱町4,屋外,蔵の辻広場,全災害時
13,0101000020E61000008B34C8D157056140804FBD50B4F34140,10,幸町3-16,屋外,越前市まちなか無料駐車場,全災害時
14,0101000020E61000000F3464DA5505614084ABFB72DEF34140,10,国府一丁目4-13,屋外,本興寺境内,全災害時
15,0101000020E61000000E6034916405614071B0B9E5B2F34140,10,府中一丁目13-15,屋外,市民ホール,全災害時
16,0101000020E6100000EA6C33A55E056140F45288D14BF44140,8,国府二丁目9-12,屋内,武生東小学校体育館,風水害時
17,0101000020E6100000842FE1A98C056140502D618867F54140,10,北府一丁目3-20,屋外,南越清掃組合第一清掃センター,全災害時
18,0101000020E6100000C5752F935205614012347638F9F44140,8,北府二丁目12-13,屋内,越前外科内科病院,風水害時
19,0101000020E61000008073D41D5305614086B5887641F54140,10,北府四丁目,屋外,北府ふれあい公園,全災害時
20,0101000020E6100000BAEC69B55E056140C2D0E76F4BF44140,10,国府二丁目9-12,屋内,武生東小学校体育館,全災害時
21,0101000020E6100000AE55DB4945056140BB0874F852F44140,8,本多二丁目10-22,屋内,JA越前たけふ農協会館,風水害時
22,0101000020E610000088747A3E450561405D8B5E0553F44140,8,本多二丁目10-22,屋内,JA越前たけふ農協会館,風水害時
23,0101000020E610000077A64D6C420561408254D50F2AF34140,10,本町3-10,屋外,陽願寺境内,全災害時
24,0101000020E61000008CA917483E056140974C285F4CF34140,10,元町4-4,屋外,円徳寺前駐車場,全災害時
25,0101000020E6100000C3A29AC14305614073C72CCA50F34140,10,元町2-16,屋外,（予備避難場所）金蓮寺境内,全災害時
26,0101000020E610000093ED1CAD430561401DF381609FF34140,10,京町一丁目4-35,屋外,総社大神宮境内,全災害時
27,0101000020E6100000A128BE7535056140882A7C5BB0F34140,10,京町三丁目3-5,屋外,引接寺弁天堂前,全災害時
28,0101000020E6100000F6FB4E4F38056140F36F5DFED3F34140,10,本多一丁目3-1,屋外,御霊神社境内,全災害時
290,0101000020E61000001D3695C976016140BA5BE9F2B1F24140,10,若須町,屋外,白山神社,全災害時
29,0101000020E6100000956D283D3A05614097B3DA5524F34140,10,平和町7-24,屋外,交流センターみどり,全災害時
30,0101000020E6100000A3EC478531056140CD5AAE5C4FF34140,10,若松町5-37,屋内,太田会館,全災害時
31,0101000020E6100000FAF628AE1B0561408A107BB093F24140,10,高瀬一丁目25,屋外,八幡神社境内高瀬ふれあい会館前,全災害時
32,0101000020E6100000DACAD1701305614040FCB96108F34140,10,高瀬二丁目,屋外,中央公園噴水周辺,全災害時
33,0101000020E6100000D7F4B56C2605614090790F26F8F24140,10,高瀬二丁目5,屋外,河濯山境内,全災害時
34,0101000020E61000001277499C0F056140CF1251C074F34140,10,中央二丁目2-13,屋外,武生西幼稚園前,全災害時
35,0101000020E6100000BD8F3CA00F05614047BF4BC074F34140,10,中央二丁目2-13,屋外,武生西幼稚園前,全災害時
36,0101000020E61000005A881C1D080561401F0B396482F34140,8,中央二丁目2-13,屋内,武生西小学校体育館,風水害時
37,0101000020E6100000521DD57D200561406E5BE19E98F34140,10,深草一丁目25,屋外,忠霊塔前広場,全災害時
38,0101000020E6100000E9C9396324056140D8E07E8AE7F34140,8,深草二丁目2-37,屋内・屋外,金剛院本堂・境内,風水害時
204,0101000020E6100000B560CD5E270561407207B506D5EB4140,10,上小松町,屋外,上小松公園,全災害時
39,0101000020E6100000FF01C4DB11056140CFB463A74BF44140,10,平出一丁目6-1,屋外,武生第一中学校,全災害時
40,0101000020E6100000613EF7D3320561409B9ADD3E77F44140,10,平出二丁目,屋内・屋外,コープ武生平出店,全災害時
41,0101000020E610000024E05657140561408F9209ECFAF44140,8,平出三丁目9,屋外,窪田公園,風水害時
42,0101000020E6100000A12055F5170561405E79D3C97AF34140,10,中央二丁目2-13,屋外,武生西小学校グラウンド,全災害時
43,0101000020E6100000D60E0A8F0F0561409C93258627F44140,10,平出一丁目6-1,屋外,武生第一中学校グラウンド,全災害時
44,0101000020E61000003114D9C1E60461404DDA44FFFEF24140,8,日野美二丁目,屋外,唐松公園,風水害時
45,0101000020E6100000BA31D9AAE604614080E362FFFEF24140,8,日野美二丁目,屋外,唐松公園,風水害時
46,0101000020E6100000EC47BC84D404614027E9C2983AF34140,10,上太田町26,屋外,羽衣公園,全災害時
47,0101000020E61000006F3095F4BE046140D7E71D4968F34140,10,上太田町49-6-6,屋外,平井皮ふ科医院駐車場,全災害時
48,0101000020E6100000AB7B5CAFDA046140BF72E0DEA6F34140,10,新町7-3,屋内・屋外,新町集会場（兼社務所）,全災害時
49,0101000020E6100000CF7F76D4D104614073A1DFCA4AF34140,8,上太田町18,屋内,北千福町ふれあい会館,風水害時
50,0101000020E610000017A1E9E7D40461403B54D8964BF34140,10,上太田町11-2,屋内,市営上太田住宅,全災害時
51,0101000020E6100000E029908BCF04614012F5AB18B0F24140,10,沢町221,屋外,日の出公園,全災害時
52,0101000020E61000006BB5262DE6046140859B9D5395F24140,10,沢町19,屋外,朝霧公園,全災害時
53,0101000020E6100000EC7A891E4B056140F65D2ADFE9F14140,10,南一丁目6-4,屋外,町内児童公園,全災害時
54,0101000020E61000006BB0D2DD3B056140FDC92FF1DCF14140,10,文京一丁目14-16,屋外,武生工業高校正門,全災害時
55,0101000020E6100000B7BD2DA93E0561407991B7B437F24140,10,南二丁目5-22,屋外,南二・三丁目集会所前道路,全災害時
56,0101000020E6100000135184584005614026C4C15696F24140,10,武生柳町12-27,屋内,武生南公民館,全災害時
57,0101000020E610000071F793CD4A0561404975DF5676F24140,10,武生柳町13-20,屋外,武生南小学校グラウンド,全災害時
58,0101000020E6100000FD37D74F58056140A481ADB1D4F24140,8,あおば町2-41,屋内,円宮寺境内（屋内・屋外）,風水害時
59,0101000020E6100000D5517B4058056140215CDC7FD4F24140,10,あおば町2-41,屋外,円宮寺境内,全災害時
60,0101000020E61000004EDEE4B461056140B722C81709F34140,10,神明町4-4,屋外,神明町多目的広場,全災害時
61,0101000020E6100000C6355586410561402A10664B75F24140,8,若竹町11,屋内,武生南小学校体育館,風水害時
62,0101000020E61000007AF2D65D62056140152A7F9517F24140,10,姫川一丁目6,屋外,南元公園,全災害時
63,0101000020E6100000E5B279B96D0561409CBB7BFF4BF24140,8,證,屋内,姫川町生活改善センター,風水害時
64,0101000020E610000018AD5CF32C056140F8A4CD52F9F14140,8,文京一丁目12,屋内,文一会館,風水害時
65,0101000020E6100000618953BF280561400B28E6FCD6F14140,10,文京一丁目14-16,屋外,武生工業高校グラウンド,全災害時
66,0101000020E6100000BF63497228056140192EECFE76F24140,10,文京二丁目5,屋外,文京公園,全災害時
67,0101000020E6100000FC3D5B934205614003B1E06275F24140,10,武生柳町13-20,屋内,武生南小学校体育館,全災害時
68,0101000020E61000002A3B6DCC4A056140E6AA896A76F24140,10,武生柳町13-20,屋外,武生南小学校グラウンド,全災害時
69,0101000020E610000041F4E6543A056140A0ADA388C3F24140,8,御幸町8,屋外,中狭慈心寺観音堂,風水害時
70,0101000020E6100000241A8BCA210561404B2664FC95F14140,10,妙法寺42-15,屋内,武生第二中学校,全災害時
71,0101000020E6100000132C4C544F05614090615BCCB1F04140,10,行松町20-15-1,屋内,行松会館,全災害時
72,0101000020E610000013AEDC7012056140AC22B65E77F04140,8,妙法寺町17-52,屋内・屋外,妙法寺町改善センター,風水害時
73,0101000020E6100000DCA118060B056140A1CFC22961F04140,8,妙法寺町14-41,屋内・屋外,安證寺,風水害時
74,0101000020E6100000A711853453056140D3855448DBF04140,10,松森町21-10,屋外,地蔵公園,全災害時
75,0101000020E610000002FB04084905614057E8A2A2DCF04140,10,松森町21,屋外,十府神社境内,全災害時
76,0101000020E6100000B6682C18550561407A906EFAE0F04140,10,松森町23,屋外,月見地蔵境内,全災害時
77,0101000020E6100000C85FF4444F056140A1FEBBB2B1F04140,10,行松町10-51-1,屋内,行松会館,全災害時
78,0101000020E6100000E00168EA33056140EA8A278987F04140,10,月見町25,屋内,月見町ふれあい会館,全災害時
79,0101000020E610000079CB7CAF320561402D75ABA690F04140,10,月見町26,屋外,月見公園,全災害時
80,0101000020E6100000BA0D6CB0250561400DD6CE6590F14140,8,妙法寺町42-15,屋内,武生第二中学校体育館,風水害時
81,0101000020E6100000550CF8F73D056140C892F4823FF14140,10,常久町2-21,屋内,常久町集会場,全災害時
82,0101000020E61000006455E9A03C056140E309D3203CF14140,10,常久町2-21,屋外,日埜神社境内,全災害時
83,0101000020E610000074E410A12505614008DAFC3390F14140,10,妙法寺町42-15,屋内,武生第二中学校体育館,全災害時
84,0101000020E6100000B3EB04113C056140E7C39494B8F14140,10,常久町8-1,屋外,土川医院駐車場,全災害時
85,0101000020E61000008BE0C591250561407662EC7E90F14140,8,妙法寺町42-15,屋内,武生第二中学校体育館,風水害時
86,0101000020E6100000EAF16BAC220561407FDBC01BAEF14140,10,妙法寺町42-15,屋外,武生第二中学校グラウンド,全災害時
87,0101000020E61000007009C0C716056140A6B3EBB199F14140,10,三ツ口町,屋外,三ツ口公園,全災害時
88,0101000020E61000008EFB4AFEF2046140D9B5B17ACFF14140,10,千福町252,屋外,千福町民センター広場,全災害時
89,0101000020E6100000B3DC6570AC0461405B83BC9BB4F24140,10,岡本町7-10-4,屋内,岡本町住民センター,全災害時
90,0101000020E61000002F5FC1CBAB046140D6B4763FAFF24140,10,岡本町7-10-4,屋外,岡本町住民センター前公園,全災害時
91,0101000020E61000006AAD86103F0461400522E52CBBF14140,8,広瀬町96-101,屋内,上広瀬ふれあい会館,風水害時
92,0101000020E61000006AAD86103F0461400522E52CBBF14140,8,広瀬町96-101,屋内,上広瀬ふれあい会館,風水害時
93,0101000020E61000006AAD86103F0461400522E52CBBF14140,8,広瀬町96-101,屋内,上広瀬ふれあい会館,風水害時
94,0101000020E6100000CF37E71557046140312D5F7152F14140,8,広瀬町102-43,屋内,神山小学校体育館,風水害時
95,0101000020E6100000C37EE41557046140DFA96B5852F14140,8,広瀬町102-43,屋内,神山小学校体育館,風水害時
96,0101000020E6100000B39CC099A10461405423AC09E0F14140,8,広瀬町141-1-1,屋内,越前市勤労者研修センター（ワークステップひろせ）,風水害時
97,0101000020E61000001F8812A9A1046140F1B6A5F0DFF14140,10,広瀬町141-1-1,屋内,越前市勤労者研修センター（ワークステップひろせ）,全災害時
98,0101000020E6100000CAB4BD99A1046140D2A1B8F0DFF14140,8,広瀬町141-1-1,屋内,越前市勤労者研修センター（ワークステップひろせ）,風水害時
99,0101000020E61000006DD52836E1046140B7383AE0E8F14140,8,広瀬町,屋内,馬塚住宅改善センター,風水害時
100,0101000020E6100000BCC942EA6E046140093FF82543F04140,8,池ノ上町31-18-3,屋内,池ノ上勤労者スポーツセンター,風水害時
101,0101000020E6100000FA50D099F9036140C6697847D3F04140,8,広瀬ひばりが丘,屋内,ひばりが丘公民館,風水害時
102,0101000020E6100000BCC8BA836A04614002989B7966F24140,1,向が丘町,屋外,向が丘公園,不明
103,0101000020E61000001FEBB0D05904614031EB200641F24140,1,向が丘町802,屋内,向が丘町ふれあい会館,不明
104,0101000020E61000002CA2DE94770461402D567A803AF24140,10,広瀬町117-1-34,屋内,新小野町公民館,全災害時
105,0101000020E61000002CA2DE94770461402D567A803AF24140,10,広瀬町117-1-34,屋外,新小野町公民館前広場,全災害時
106,0101000020E6100000C05EAAE10B056140E90B2DB390F64140,10,本保町地係,屋内,本保町生活改善センター,全災害時
107,0101000020E6100000AD381C07A30461402082E386A9F54140,10,片屋町21,屋外,片屋町農村公園,全災害時
108,0101000020E6100000E37B3C8DB3046140871983F3FAF54140,10,片屋町17-23,屋内,片屋町生活改善センター,全災害時
109,0101000020E610000045C769F2800461408A1CFE56BEF64140,10,氷坂町47-17,屋内・屋外,氷坂町生活改善センター,全災害時
111,0101000020E61000007B035A7607056140E6B8724980F64140,10,本保町17-1,屋外,吉野小学校グラウンド,全災害時
112,0101000020E610000067EA1A200205614097E76B428FF64140,10,本保町17-1,屋内,吉野体育館,全災害時
113,0101000020E610000055FF78179E046140FAA95DA16BF74140,10,余田町34-7,屋外,余田町公民館横広場,全災害時
114,0101000020E610000055FF78179E046140FAA95DA16BF74140,10,余田町34-7,屋内,余田町公民館,全災害時
115,0101000020E61000008CC3752D02056140421127887FF64140,10,本保町17-1,屋外,吉野小学校グラウンド,全災害時
116,0101000020E6100000155B2420020561407A4B468D8FF64140,10,本保町17-1,屋内,吉野体育館,全災害時
117,0101000020E61000000F478EFFEC046140C12CB403C9F74140,10,余田町2-1-1,屋外,福井県丹南運転者教育センター駐車場,全災害時
118,0101000020E610000088B3D03F8005614078FF6618D2F54140,8,家久町105-10-2,屋内,コミニュティーセンター柳荘,風水害時
119,0101000020E610000088B3D03F8005614078FF6618D2F54140,8,家久町105-10-2,屋内,コミニュティーセンター柳荘,風水害時
120,0101000020E610000088B3D03F8005614078FF6618D2F54140,8,家久町105-10-2,屋内,コミニュティーセンター柳荘,風水害時
121,0101000020E610000088B3D03F8005614078FF6618D2F54140,8,家久町105-10-2,屋内,コミニュティーセンター柳荘,風水害時
122,0101000020E6100000389B50DB7E056140A03B20C2E7F54140,8,家久町105-23,屋内,吉野児童センター,風水害時
123,0101000020E610000088B3D03F8005614078FF6618D2F54140,8,家久町105-10-2,屋内,コミニュティーセンター柳荘,風水害時
124,0101000020E61000005ABEA5A57E056140DE5062DBE7F54140,8,家久町105-23,屋内,吉野児童センター,風水害時
125,0101000020E6100000B5DE496B57056140CCEB252D16F64140,8,家久町94-2-1,屋内,家久保育園,風水害時
126,0101000020E610000093C2B3635C05614039D8513058F64140,8,家久町803,屋内,市営家久団地2、3F,風水害時
127,0101000020E610000093C2B3635C05614039D8513058F64140,8,家久町803,屋内,市営家久団地2、3F,風水害時
128,0101000020E6100000C7933F1F6A0561401268397772F64140,8,家久町71-34-11,屋内,家久町公民館,風水害時
129,0101000020E6100000C7933F1F6A0561401268397772F64140,8,家久町71-34-11,屋内,家久町公民館,風水害時
130,0101000020E6100000BC82AAAF5F05614050081BF372F64140,8,家久町70-7,屋内,本承寺,風水害時
131,0101000020E61000003262102F66056140D7058A8649F74140,8,家久町24,屋内,武生商業高校,風水害時
132,0101000020E61000003262102F66056140D7058A8649F74140,8,家久町24,屋内,武生商業高校,風水害時
133,0101000020E61000006C6D0FD2280561402BE23CEC8AF54140,8,芝原一丁目,屋内,南芝原公民館,風水害時
134,0101000020E6100000329C07AF3A056140880A4CAB49F64140,8,芝原五丁目16-5,屋内,芝原ふれあい会館,風水害時
135,0101000020E610000037A6EF6A150561400EB827145DF54140,10,芝原三丁目125,屋内,芝原三丁目ふれあい会館,全災害時
136,0101000020E6100000329C07AF3A056140880A4CAB49F64140,8,芝原五丁目16-5,屋内,芝原ふれあい会館,風水害時
137,0101000020E6100000329C07AF3A056140880A4CAB49F64140,8,芝原五丁目16-5,屋内,芝原ふれあい会館,風水害時
138,0101000020E6100000A2CF1CD7A0056140E2E3BA63EEF34140,10,村国二丁目3-56,屋外,武生第三中学校,全災害時
139,0101000020E6100000A5671BC69F056140764B7DCCD0F34140,10,村国二丁目3-56,屋外,武生第三中学校グラウンド,全災害時
140,0101000020E6100000E0410A999A056140960625CBEFF34140,10,村国二丁目3-56,屋内,武生第三中学校体育館,全災害時
141,0101000020E61000007B6AACC4EE056140094F9E70C7F44140,8,国高１丁目15-5,屋内,国高小学校体育館,風水害時
142,0101000020E61000001E88CD1AB0056140860E2B49F8F44140,10,八幡一丁目,屋内・屋外,八幡公園・会館,全災害時
143,0101000020E61000002164BEE2A3056140536EE1CE78F44140,10,八幡一丁目,屋内・屋外,県立武生高等学校,全災害時
144,0101000020E6100000E70E8720B20561403B3FA844FDF44140,8,八幡一丁目,屋内,八幡会館,風水害時
145,0101000020E6100000E70E8720B20561403B3FA844FDF44140,10,八幡一丁目,屋内,八幡会館,全災害時
146,0101000020E6100000460765D3A3056140650105B678F44140,10,八幡一丁目,屋内,県立武生高等学校,全災害時
147,0101000020E610000042298FC2F2056140A7936538C7F44140,10,国高一丁目15-5,屋内,国高小学校,全災害時
148,0101000020E610000075598100F0056140FEB5909E6DF44140,10,国高一丁目8-1,屋外,国高さくら公園,全災害時
149,0101000020E61000006A78D7040206614016C0DAEDB9F44140,10,国高二丁目,屋外,国高フラワー公園,全災害時
150,0101000020E6100000326B5B321206614029FC58D3A2F44140,10,国高二丁目324-13,屋内,国高公民館,全災害時
151,0101000020E61000000B741EB50E066140A7F91DC497F44140,10,国高二丁目325-3,屋内,国高児童センター,全災害時
152,0101000020E6100000C7A196C2F20561407C834C6AC7F44140,8,国高一丁目15-5,,国高小学校,風水害時
153,0101000020E6100000F1ADD2312F0661405DD773FFFDF34140,10,横市町33-35-4,屋内・屋外,横市町集落センター,全災害時
154,0101000020E6100000CA63975868066140CC417278D5F34140,8,庄町32-3,屋内,庄町公民館,風水害時
155,0101000020E6100000DF954D2F5B0661406FA20152EEF44140,10,塚町50-58,屋内・屋外,塚町会館,全災害時
156,0101000020E61000003FBC1D5BE4056140B1F4060F63F54140,10,馬上免町,屋外,八幡神社境内,全災害時
157,0101000020E6100000E3089862CA056140490979A4B0F54140,10,稲寄町,屋外,八幡神社,全災害時
158,0101000020E6100000CE14FA78CA056140FF87065FACF54140,10,稲寄町9-3,屋内,稲寄町公民館,全災害時
159,0101000020E610000021994902E6056140D208FA9876F64140,10,瓜生町38-8,屋内・屋外,国高労働福祉センター,全災害時
160,0101000020E610000047E61CCAE70561409B3B5B676FF64140,10,瓜生町38-5,屋内・屋外,国高ふれあいセンター,全災害時
161,0101000020E61000002AD868963B0661406667E6EF3AF64140,8,高木町36-1,屋内,高木町公民館,風水害時
162,0101000020E6100000EB86BB960A066140776D7C36B1F54140,10,長土呂町3-1-19,屋外,長土呂公園,全災害時
163,0101000020E61000000EB7080B0D046140C81396DB50F34140,10,大虫町21-28,屋外,大虫神社境内,全災害時
164,0101000020E6100000EAF68B4750046140F11AF45D38F34140,10,大虫町19-8-1,屋外,大虫町生活改善センター駐車場,全災害時
165,0101000020E6100000BADCE51007046140CE3EA2FCFDF24140,10,大虫町78-1-1,屋外,光福寺駐車場,全災害時
166,0101000020E61000002007AEFBA6046140AEDB85C56AF34140,10,大虫町4-9-6,屋外,公園（フレッシュ大虫団地）,全災害時
167,0101000020E61000009C3188D9AC036140640F9F3485F34140,10,大虫町47-9,屋外,JA越前たけふ　カントリーエレベーター,全災害時
168,0101000020E6100000C8A0FDA62504614090044B6E50F34140,10,大虫本町6-25,屋内・屋外,大虫本町生活改善センター,全災害時
169,0101000020E6100000F20D9D5D580461407D9903A5BCF34140,10,上四目町6-4-2,屋内・屋外,上四目町ふれあい会館,全災害時
170,0101000020E61000007A496BF58A046140A159BA0818F44140,10,高森町14-15,屋外,大虫小学校グラウンド,全災害時
171,0101000020E6100000920A66F675046140632C7F84E2F34140,10,高森町12-1,屋外,陣屋第一公園,全災害時
173,0101000020E610000033279F467D046140A7A0B71D37F44140,10,高森町10-1,屋外,西部台公園,全災害時
174,0101000020E610000025DE7F5254046140F4663CA7E4F34140,10,高森町4-3-8,屋外,西部ニュータウン公園,全災害時
175,0101000020E6100000513DC3353104614039F694CA3AF44140,10,三ツ俣町17,屋内・屋外,三ツ俣町ふれあい会館,全災害時
176,0101000020E610000083AD8839220461401C5F68EBBCF44140,10,横根町24-8,屋外,横根寺駐車場,全災害時
177,0101000020E610000001FBEB4D420461406CEC41E1C8F44140,10,横根町7,屋外,西ノ宮下の公園,全災害時
178,0101000020E610000040E474016204614024CD7DCA28F54140,10,北山町17-24-1,屋内,北山町集落センター,全災害時
179,0101000020E61000008417C0E331046140F4E536F0BFF54140,10,北山町43-1-32,屋外,式部台公園,全災害時
180,0101000020E61000006CBD423DC7046140F1AAE17AEDF34140,8,上太田町29-3-2,屋内,上太田町ふれあい会館,風水害時
181,0101000020E6100000F0BE952486046140EB948849F9F34140,8,高森町14-15,屋内,大虫小学校体育館,風水害時
182,0101000020E6100000F99FA8180B05614026DDF2283CF44140,8,平出一丁目6-1,屋内,武生第一中学校体育館,風水害時
183,0101000020E6100000FC0BD135E9046140370840E44BF44140,10,新保町30-35-2,屋外,ベルナール武生駐車場,全災害時
184,0101000020E61000004F9547280B056140BCEDCFAB71F44140,10,新保町一丁目1-1,屋外,創価学会武生文化会館駐車場,全災害時
185,0101000020E6100000BD6277A0F8046140C2A9903A3BF54140,10,新保町4-10-1,屋外,ゲンキー駐車場,全災害時
186,0101000020E61000001FD9474978046140F57410D97BF24140,10,大虫本町2-8-22,屋外,勝蓮花和満会館,全災害時
187,0101000020E610000042ECCF3C030261403C87CFCFE1EC4140,8,中山町76,屋内,八幡神社,風水害時
188,0101000020E61000005D566756DD026140158BFA5710ED4140,10,下別所町,屋外,下別所町公民館（屋内・屋外）,全災害時
189,0101000020E61000002F94479075036140F37D11018FED4140,10,中津原町73-31,屋内,中津原町公民館（屋内・屋外）,全災害時
190,0101000020E6100000632E9E89EB046140EBF60279E6EE4140,8,塚原町17-3,屋内,塚原町生活改善センター,風水害時
191,0101000020E6100000EA04FDF3C9046140E14B81D499EE4140,8,白崎町32-24,屋内,白崎町生活改善センター,風水害時
192,0101000020E61000007F07E8F736046140DB0C1D344AED4140,10,春日野町80-24-1,屋外,万所氏宅,全災害時
193,0101000020E610000039C73D33520461402A38E6A026ED4140,10,春日野町132-2,屋外,八幡神社跡地,全災害時
194,0101000020E6100000377899338504614033B3100248ED4140,10,春日野町51-12,屋外,春日野公民館,全災害時
195,0101000020E6100000A099BAFECF046140FA89CE2BD9ED4140,10,春日野町18-15,屋外,盛景寺,全災害時
196,0101000020E6100000DF8FFE59BD046140018F9022C7ED4140,10,春日野町31-8,屋外,春日野神社境内,全災害時
197,0101000020E6100000931DDBC7B40461403402F34A3EEE4140,10,春日野町,屋外,ダイエイ駐車場,全災害時
198,0101000020E6100000121B047862056140889C2050A3EE4140,8,今宿町13-18,屋内,今宿町集落センター,風水害時
199,0101000020E6100000121B047862056140889C2050A3EE4140,10,今宿町13-18,屋外,今宿町集落センター駐車場,全災害時
200,0101000020E61000000F27479D750561402EC95058DAEC4140,8,国兼町23,屋内,国兼町生活改善センター,風水害時
201,0101000020E6100000E283B28021056140398318DFB5EC4140,8,大塩町20-1-1,屋内,大塩町コミュニティセンター,風水害時
202,0101000020E61000008401D4E261056140DBA052BFD2ED4140,10,大塩町4-16,屋外,ニューイングランドかみかわ,全災害時
203,0101000020E61000002D41C00D17056140010EA8BFBEEE4140,10,四郎丸町16-1,屋外,武生第六中学校グラウンド,全災害時
205,0101000020E6100000121B2D39DC04614024E79DC1EAEA4140,10,森久町17-13,屋内・屋外,林久寺,全災害時
206,0101000020E6100000904AE7EFA2046140E86A4D8462E94140,10,瓜生野町19,屋外,バス旋回場,全災害時
207,0101000020E6100000FD79D244DD05614033106FB1A3EE4140,10,中平吹町82-102,屋外,生活改善センター,全災害時
208,0101000020E6100000DAFB07AE77056140D1AEF58904EE4140,10,中平吹町14-43,屋外,10班公園,全災害時
209,0101000020E6100000D837A3DE990561409414403DD5ED4140,10,中平吹町43-20,屋外,11班公園,全災害時
210,0101000020E6100000F4C3D4418C0561404C041C1410EE4140,10,中平吹町19-26,屋外,12班公園,全災害時
211,0101000020E61000007E4AC4AC59056140A2BEA19992EF4140,10,四郎丸町48字18-1,屋外,ゲンキー王子保店駐車場,全災害時
212,0101000020E6100000345FFF5CE7046140F324B77DD6EF4140,10,向陽町88,屋内,向陽会館,全災害時
213,0101000020E610000071C121BCD80561408358AB78FDF14140,1,矢放町,屋内・屋外,矢放町構造改善センター,不明
214,0101000020E6100000722F8AD5C90561402A06D03382F14140,1,,屋外,柿谷商店駐車場,不明
215,0101000020E610000056C745FA07066140709679F0DAF14140,1,,屋外,北日野ミニ体育館駐車場,不明
216,0101000020E610000075B4ECC1AF05614066D023A6C5F24140,10,帆山町11-13-1,屋内,帆山農家高齢者創作館,全災害時
217,0101000020E61000005DD0BF35B0056140629F8D95B9F24140,10,帆山町5-31-1,屋内,旧芦山荘,全災害時
218,0101000020E61000007D5F52DAA005614080C74726D7F14140,8,矢船町8-1,屋内,矢船町コミュニティセンター前,風水害時
219,0101000020E6100000A44E02508F056140626A74EA68F04140,10,向新保町30-22,屋外,向新保町集落センター,全災害時
220,0101000020E6100000CFE6AC85B2056140487CD5556BF04140,10,畑町17,屋内・屋外,畑町集落センター,全災害時
221,0101000020E610000041136D7AE40561405FBC48C3CCF04140,10,小野谷町33-32,屋外,小野谷町コミュニティセンター前広場,全災害時
222,0101000020E610000041136D7AE40561405FBC48C3CCF04140,10,小野谷町33-32,屋内,小野谷町コミュニティセンター,全災害時
223,0101000020E610000016EEA2A11B066140294955F788F04140,10,西谷町16,屋外,西谷町公民館広場,全災害時
224,0101000020E6100000016AA53756066140A91497BA42F14140,10,平林町13-5-5,屋内・屋外,平林町公民館,全災害時
225,0101000020E61000005E08EEC1170661400C3E4877DBF14140,10,小野谷町,屋内・屋外,北日野小学校,全災害時
226,0101000020E61000008ADB845A56066140CE4E86B98EF14140,10,庄田町7-1,屋内,庄田町生活改善センター,全災害時
227,0101000020E6100000377D926A58066140486A5A377CF14140,10,庄田町14-47,屋外,庄田町日野神社,全災害時
228,0101000020E6100000394C6F17B40661401B5EC45BD4F14140,10,大手町8,屋外,大手町公民館,全災害時
229,0101000020E6100000F06DF001E6066140EAAF180A3CF24140,10,西尾町41-56,屋外,西尾町生活改善センター前広場,全災害時
230,0101000020E610000021BBA6EC790661409320612844F24140,10,岩内町18,屋内・屋外,岩内公民館前公園,全災害時
231,0101000020E6100000B60904D7110661407147B721D1F24140,8,大屋町28-1,屋内,大屋町公民館,風水害時
232,0101000020E6100000B60904D7110661407147B721D1F24140,10,大屋町28-1,屋外,大屋町公民館前駐車場,全災害時
233,0101000020E61000007673135B15066140014249B281F34140,10,葛岡町2,屋内,葛岡町集会場,全災害時
234,0101000020E61000001EA6D760FD056140B733DEC37CF14140,10,問屋団地内,屋外・屋内,組合会館及び団地内各社屋,全災害時
235,0101000020E6100000CDB57DBBDA056140F394C6E882F14140,8,矢放町12-9-3,屋外,市営住宅２号館南公園,風水害時
236,0101000020E61000003138B514B5066140736A05F9FCF44140,10,北町47-6,屋内・屋外,北新庄小学校,全災害時
237,0101000020E610000080F9CDA2B0066140EFD8EFE272F44140,10,北町43-28,屋内・屋外,北町公民館,全災害時
238,0101000020E6100000C6AFC5A68606614072AD632649F44140,10,北町26-14,屋外,JA越前たけふ農協旧北新庄支店,全災害時
239,0101000020E6100000B55B2309FD0661403595BFB84FF44140,10,北町89-10,屋内・屋外,福井県立武生東高等学校,全災害時
240,0101000020E6100000D648ABFDC0066140EC666E39D3F44140,10,北町,屋内・屋外,北新庄公民館,全災害時
241,0101000020E6100000200A2FE97D066140B373CF6F5FF34140,8,杉崎町,屋外,杉崎神社社務所前,風水害時
242,0101000020E61000000E9A26CFBE0661406F7DF8AE85F34140,10,真柄町16,屋内・屋外,真柄町生活改善センター,全災害時
243,0101000020E6100000A47D43400A076140DBE8614548F54140,8,戸谷町76-28,屋内,戸谷町公民館,風水害時
244,0101000020E610000063059D62F4066140000A6C080BF64140,8,長尾町63-6,屋内,長尾町公民館,風水害時
245,0101000020E610000009131743BD066140EB3F6314FCF44140,8,北町47-6,屋内,北新庄小学校体育館,風水害時
246,0101000020E61000007539CFA90E07614028DEF24FAAF54140,10,戸谷町87-1,屋内,テクニカフクイ社屋,全災害時
247,0101000020E6100000818D6B63CE066140B8C8573761F64140,8,中新庄町58-26,屋内,賀茂会館,風水害時
248,0101000020E6100000CE2570F067066140F15AEC377EF54140,10,三ツ屋町26,屋内,三ツ屋町公民館,全災害時
249,0101000020E61000006ABCC8FB0B0961406C5B38A8ECF04140,8,入谷町5-26,屋内,入谷町集落センター,風水害時
250,0101000020E6100000E44EB2D1FE076140E03012F93FF14140,10,桧尾谷町6,屋内,桧尾谷町公民館,全災害時
251,0101000020E6100000BA3BF062FF0761409A41E9D73CF14140,10,桧尾谷町6,屋外,桧尾谷町公民館広場,全災害時
252,0101000020E61000003F0AF27AD007614031B1C7D580F14140,8,余川町38-1-1,屋内,余川生活改善センター,風水害時
253,0101000020E610000062B7BAF47307614026D98DE8F0F14140,10,池泉町9,屋外,味真野小学校グラウンド,全災害時
254,0101000020E61000006AFDBEAD680761402715D07E9EF14140,10,池泉町5-10-1,屋内・屋外,池泉町生活改善センター,全災害時
255,0101000020E6100000367D4C5D86076140AE1B26E784F14140,10,池泉町21,屋外,味真野神社境内,全災害時
256,0101000020E610000013B172018B0761405062714E8CF14140,10,池泉町20,屋外,越前の里　お祭り広場,全災害時
257,0101000020E61000009C398F8785076140E9BA5A326AF04140,10,文室町,屋外,大豊化学前,全災害時
258,0101000020E6100000F3D1B8135F07614067FDD95C02F04140,10,萱谷町21-27,屋内・屋外,萱谷町生活改善センター,全災害時
259,0101000020E61000001ED12DF163076140465D2E569AF04140,10,,,若越みどりの村,全災害時
260,0101000020E6100000B4A4325048076140FD33C5FEACF04140,10,上大坪町35-1-1,屋内,福井県立南越特別支援学校,全災害時
261,0101000020E6100000F782057F42076140AC6B91219EF14140,10,味真野町8-12,屋外,味真野町公民館前広場,全災害時
262,0101000020E61000001E3254E69E0761402A7EE61975F24140,8,南小山町5-18,屋内,小山町生活改善センター,風水害時
263,0101000020E6100000FE45AA1C9F076140C26C399D78F24140,10,南小山町5-18,屋内・屋外,小山町生活改善センター前,全災害時
264,0101000020E6100000FF190EBBA40761405C57652A9AF24140,10,北小山町1-26,屋内,北小山町公民館,全災害時
265,0101000020E6100000AD98A35B4407614035C9841489F24140,8,若宮町,屋内,若宮神社集会所,風水害時
266,0101000020E6100000AD98A35B4407614035C9841489F24140,10,若宮町,屋外,若宮神社境内,全災害時
267,0101000020E6100000921BC5A95B0761407354FCAA38F24140,10,五分市町4-1,屋内,五分市町コミュニティセンター,全災害時
268,0101000020E61000007CCD834D4A076140F44F937218F24140,10,五分市町3-6-1,屋外,二葉保育園園庭,全災害時
269,0101000020E61000003378125A2F076140926EA948A2F24140,8,上真柄町44-2,屋内,上真柄町ふれあい会館,風水害時
270,0101000020E61000005423A3792A076140DDF753061EF34140,8,上真柄町（徳間）,屋内,徳間町公民館,風水害時
271,0101000020E6100000AA0C02992A07614010C568EE21F34140,10,上真柄町（徳間）,屋外,徳間町公民館前,全災害時
272,0101000020E6100000181660CF280761408371C10F05F24140,10,宮谷町1-9-1,屋内・屋外,宮谷町公民館,全災害時
273,0101000020E610000080FC1852280761404F7DCD4C32F14140,8,宮谷町61,屋内,奥宮谷生活改善センター,風水害時
274,0101000020E61000000B42577217076140647A73F100F24140,8,宮谷町（味真野団地）,屋内,ふれあい会館,風水害時
275,0101000020E610000029B93A62BA0161402A6CA303AAF14140,10,都辺町15-4,屋外,白山小学校グラウンド,全災害時
276,0101000020E610000021D73B62BA0161405682581DAAF14140,10,都辺町15-4,屋外,白山小学校グラウンド,全災害時
277,0101000020E6100000A9B704F97B01614048700B7A55F14140,10,二階堂町,屋外,白山神社下広場,全災害時
278,0101000020E6100000A6AB4951A0016140870581A71CF14140,10,堀町11-14-1,屋外,JA越前たけふ西部支店,全災害時
280,0101000020E6100000478E6E4EC60161401D6EBC5C7AF04140,10,米口町20-3,屋内・屋外,米口町集落センター,全災害時
281,0101000020E61000000218A87020026140D2A949EA78F04140,10,丸岡町31-37-4,屋内,丸岡・沓掛町ふれあい会館,全災害時
282,0101000020E6100000D97172E388016140590A6C698CEE4140,8,菅町14-2,屋外,円性寺境内,風水害時
283,0101000020E61000006A3D43AEF0016140E2F34ED899F24140,10,下黒川町,屋内,下黒川町生活改善センター,全災害時
284,0101000020E6100000A80955BD670261402BA62DCA8FF44140,10,安養寺町84-42,屋内・屋外,安養寺生活改善センター,全災害時
285,0101000020E610000057673E5980026140E0AADD91CFF44140,10,安養寺町29-7-1,屋外,安養寺公園（保育園西、東側）,全災害時
286,0101000020E6100000CEDA1C9141026140543DD62CCCF44140,10,安養寺町29-7-1,屋内・屋外,旧白山小学校分校グラウンド,全災害時
287,0101000020E61000007C05D57BD5016140936B17BB44F54140,10,曽原町1番地,屋内,曽原町生活改善センター,全災害時
288,0101000020E610000042CF8AECBA0161409BB07E80E7F34140,8,小杉町,屋内,小杉町生活改善センター（屋内・屋外）,風水害時
289,0101000020E610000042CF8AECBA0161409BB07E80E7F34140,10,小杉町,屋外,小杉町生活改善センター,全災害時
291,0101000020E6100000D9FB2F4694016140481CF2C98AF24140,10,中野町,屋外,中野集落センター,全災害時
292,0101000020E6100000AD5A965EC50161405A7F020E8BF24140,10,萩原町2-31,屋外,保全農地,全災害時
293,0101000020E61000002EC94DBBED016140F4E7F86796F44140,10,曽原町27-50,屋内・屋外,鴉ヶ平町ふれあい会館前,全災害時
294,0101000020E6100000C91F353C4C076140A3EE159EE6F44140,10,西樫尾町11-6,屋内,西樫尾公民館,全災害時
295,0101000020E610000007D24FFB4D07614001CAF99EEAF44140,10,西樫尾町11-6,屋外,西樫尾運動公園,全災害時
296,0101000020E610000022ED940886076140C2B945C1ECF44140,10,粟田部町71-3-2,屋内,うすずみ会館,全災害時
297,0101000020E610000054DD820986076140B0DC43C1ECF44140,10,粟田部町71-3-2,屋内,うすずみ会館,全災害時
298,0101000020E610000022ED940886076140C2B945C1ECF44140,10,粟田部町71-3-2,屋内,うすずみ会館,全災害時
299,0101000020E610000087CD700A860761409EFF41C1ECF44140,10,粟田部町71-3-2,屋内,うすずみ会館,全災害時
300,0101000020E6100000775E5DAB840761405603A458A9F44140,10,轟産業所有地,屋外,レンタルのツダ前空き地,全災害時
301,0101000020E6100000855A940886076140587D3FBEECF44140,10,粟田部町71-3-2,屋内,うすずみ会館,全災害時
302,0101000020E610000045E8E81FAB07614040A1B77E07F54140,10,粟田部41-12,屋内,花筐小学校体育館,全災害時
303,0101000020E610000017F4A5C0B307614056108C0177F44140,10,岩本町1-9,屋内,今立体育センター,全災害時
304,0101000020E6100000544C247E9E07614056389E818FF54140,8,粟田部町17-20,屋外,花筐公園,風水害時
305,0101000020E6100000C1B2CA799E07614070729AD88FF54140,8,粟田部町17-20,屋外,花筐公園,風水害時
306,0101000020E6100000D722C7C98F076140175ACBC771F54140,10,粟田部町22-22,屋外,島会館前広場,全災害時
307,0101000020E6100000E15A8F799E0761404A7A5CD98FF54140,10,粟田部町17-20,屋外,花筺公園,全災害時
308,0101000020E6100000A187417A9E076140CBF1D7D78FF54140,8,粟田部町17-20,屋外,花筐公園,風水害時
309,0101000020E610000081DF7C7A9E076140F2E915D78FF54140,10,粟田部町17-20,屋外,花筺公園,全災害時
310,0101000020E6100000403E3AC3B00761407C9226FDF5F44140,10,粟田部町41-12,屋外,花筺小学校グラウンド,全災害時
311,0101000020E6100000F9D7F01BAB0761403642CC6507F54140,10,粟田部町41-12,屋内,花筐小学校体育館,全災害時
312,0101000020E6100000DA5CEE1BAB076140D8C1F15807F54140,10,粟田部町41-12,屋内,花筐小学校体育館,全災害時
313,0101000020E6100000141CD1E8E20761408D41CA3BB2F54140,8,粟田部町9-1-9,屋内,ふれあいプラザ,風水害時
314,0101000020E610000000716CBDB007614011820004F6F44140,10,粟田部町41-12,屋外,花筐小学校グラウンド,全災害時
315,0101000020E610000066602D5FAD076140A8D7B33FA2F54140,10,粟田部町15-53-1,屋外,佐山姫公園,全災害時
316,0101000020E61000006F1643C8B1076140F184A7D376F54140,8,粟田部町15-34-3,屋外,福邦銀行今立支店前駐車場,風水害時
317,0101000020E610000066602D5FAD076140A8D7B33FA2F54140,10,粟田部町15-53-1,屋外,佐山姫公園,全災害時
318,0101000020E610000035C50B61AD07614097898A4CA2F54140,10,粟田部町15-53-1,屋外,佐山姫公園,全災害時
319,0101000020E6100000EB62E919A207614085E4BC0DA8F54140,10,粟田部町17-20,屋内,花筐会館,全災害時
320,0101000020E610000069617CD2A20761407548FA63A8F54140,10,粟田部町17-20,屋内,花筺公民館,全災害時
321,0101000020E6100000A701DBDAC007614065C346AA0BF44140,10,不老町66-1,屋内・屋外,不老公民館,全災害時
322,0101000020E61000002699090AFB076140888E255A13F44140,10,大滝町11-11,屋外,越前和紙組合跡地,全災害時
323,0101000020E6100000C57D7F33E107614001C0722D4EF44140,8,岩本町10-49-1,屋外,岩本公民館,風水害時
324,0101000020E6100000B396F0BCB30761408DA3AC0D77F44140,10,若本町1-9,屋内・屋外,今立体育センター,全災害時
325,0101000020E6100000AE041F4CD70761406E08142D47F44140,1,若本町5-26,屋外,岡本保育所,不明
326,0101000020E61000003A8CD526C9076140D6EF74B1A7F44140,10,新在家町8-44,屋内,パピルス館（越前和紙の里体験工房）,全災害時
327,0101000020E6100000D7713FBACE0761402E30EE779EF44140,10,新在家町8-44,屋外,パピルス館駐車場,全災害時
328,0101000020E610000069407E7BD5076140965CC5B00EF54140,10,定友町10-15,屋外,岡本小学校グラウンド,全災害時
329,0101000020E6100000DFDC80F3DF07614070D184F6AFF54140,10,粟田部町9-1-9,屋外,ふれあいプラザ駐車場,全災害時
330,0101000020E61000004600DC7560086140C0F6621538F54140,10,杉尾町18-63-1,屋内,杉尾集落センター,全災害時
331,0101000020E6100000F2CAD84718086140EC542F92BDF54140,8,杉尾町1-27-1,屋内,社会福祉センター,風水害時
332,0101000020E6100000386B8849680861403AAEDE2473F54140,10,杉尾町24,屋外,山村広場（駐車場）,全災害時
333,0101000020E6100000191C6C78A308614029336CF6D0F44140,8,轟井町31-2,屋内,南林寺,風水害時
334,0101000020E6100000E51AD6BA7C086140B8289BA1BFF44140,10,轟井町21-29-1,屋内・屋外,月尾サブセンター,全災害時
335,0101000020E6100000191C6C78A308614029336CF6D0F44140,10,轟井町31-2,屋内,南林寺,全災害時
336,0101000020E61000004F6FDBBA7C086140C2978EBABFF44140,10,轟井町21-29-1,屋内,月尾サブセンター,全災害時
337,0101000020E6100000F054E0F8E808614015ACA62187F34140,10,八石町2-42,屋内・屋外,八石集落センター,全災害時
338,0101000020E610000092A71529BD086140225E61FA2DF44140,10,大平町21-1,屋内,大平公民館,全災害時
339,0101000020E6100000300BE3F8E80861407F9CBF2D87F34140,10,八石町2-42,屋内,八石集落センター,全災害時
340,0101000020E6100000F054E0F8E808614015ACA62187F34140,10,八石町2-42,屋内,八石集落センター,全災害時
341,0101000020E610000018EC4F52EA0861406074E4B37FF34140,10,八石町10-9-3,屋外,旧八石分校校庭,全災害時
342,0101000020E61000005953C4B2DD0861406721DE4ACDF24140,10,中印町37-23,屋内・屋外,本竜寺（境内）,全災害時
343,0101000020E6100000F054E0F8E808614015ACA62187F34140,10,八石町2-42,屋内・屋外,八石集落センター,全災害時
344,0101000020E610000047A084CB12096140FDDE0EC415F34140,10,別印町3-41,屋外,教徳寺（境内）,全災害時
345,0101000020E6100000F46367461309614075C7CCB615F34140,10,別印町3-41,屋内,教徳寺,全災害時
346,0101000020E610000035012A6E4A0961405430A967A9F24140,10,南坂下町22-28,屋外,白山神社境内,全災害時
347,0101000020E6100000D091AEDE46096140E74CD7C1C0F24140,10,南坂下町23-5,屋外,端政寺境内,全災害時
348,0101000020E6100000BC0D1AFCED076140B91D0DD17CF64140,10,野岡町25-9-14,屋内,野岡公民館,全災害時
349,0101000020E6100000A19A42C8DA0761402E59570646F64140,10,野岡町5-16,屋内,願教寺,全災害時
350,0101000020E6100000F1403AA0F8076140D90B4B9092F64140,10,野岡町28-4,屋内,南越中学校体育館,全災害時
351,0101000020E61000001B420D8C4B08614043CF770D2FF64140,8,山室町49-31-1,屋内,山室集落センター,風水害時
352,0101000020E610000045A04EEE21086140409A3D60EAF64140,10,野岡町62-1-3,屋外,集会広場,全災害時
353,0101000020E6100000C6049C28F1076140975A54BEEDF64140,10,西庄境町21-7-1,屋内,今立勤労青少年ホーム,全災害時
354,0101000020E6100000DFBA97B0EF076140FCEA40FFB6F74140,8,西庄境町10-18,屋外,明光寺境内,風水害時
355,0101000020E61000001C261D34D107614008CAC65351F84140,10,赤坂町47-3,屋内・屋外,赤坂集落センター,全災害時
356,0101000020E61000007AE83ADE9C0761409D6A1AF082F84140,10,新堂町12-22-2,屋内,新堂集落センター,全災害時
357,0101000020E6100000E49132667A0761403D3DAC18CAF74140,8,国中町19-1,屋内,国中集落センター,風水害時
358,0101000020E6100000581A2B3FA407614025BD3C4408F74140,8,中津山町64-1-1,屋内,中津山町公民館,風水害時
359,0101000020E610000063674230F1076140B4B150A5EDF64140,8,西庄境町21-7-1,屋内,今立勤労青少年ホーム,風水害時
360,0101000020E610000065533A8F570861402B99DB01BDF74140,10,朽飯町17-16-1,屋内,朽飯集落センター,全災害時
361,0101000020E6100000E3F2452D6A086140BA26E0ECD7F74140,10,高岡町2-1,屋外,高岡公民館,全災害時
362,0101000020E61000008134332D7B0861406B1ED45EB0F74140,10,藤木町12-11,屋外,服間小学校グラウンド,全災害時
363,0101000020E6100000647E98AA8B08614011D7C19AA1F74140,10,藤木町8-8,屋内,藤木公民館,全災害時
364,0101000020E6100000E9333B33BE086140A4308E64CDF74140,10,領家町,屋外,公園,全災害時
365,0101000020E6100000DC93E642B6086140E0A87BA317F84140,10,領家町3-14-1,屋外,吉田昴氏宅北側広場,全災害時
366,0101000020E6100000DA3D2211F10861403A1BADEDB0F74140,10,春山町地係,屋外,運動広場,全災害時
367,0101000020E610000071A4A7AAFF0861408C801B6D02F84140,10,東樫尾町15,屋内,東樫尾集落センター,全災害時
368,0101000020E610000023D4C6FE08096140FECFAC2710F84140,8,東樫尾町,屋外,神明神社公園,風水害時
369,0101000020E6100000902BBA301309614081206D1FA3F74140,10,波垣町13,屋外,波垣公民館,全災害時
370,0101000020E6100000AEFFA90512096140568EF72C95F74140,8,波垣町13,屋外,波垣八幡神社境内,風水害時
371,0101000020E61000005F8BCF9A500961403B18DE51E1F74140,10,寺地町19,屋外,寺地公民館,全災害時
372,0101000020E6100000A9E195D4A20961406193BF43C9F74140,10,横住町40-6-2,屋内,横住開発センター,全災害時
373,0101000020E6100000E96B331598096140296722AF2DF84140,10,横住町17-29,屋内,もやいの郷・農楽園,全災害時
374,0101000020E6100000B27AA406EB09614087A80F6F6EF74140,10,相木町15-5,屋内,相木集落改善センター,全災害時
375,0101000020E61000000F8AEE2D210A6140AD6A9A90EEF64140,10,西河内町23-3,屋内,西河内集落センター,全災害時
376,0101000020E610000089D5CF097E086140BE410AA4D1F64140,8,室谷町50-67,屋内,室谷町集落センター,風水害時
377,0101000020E6100000B4B21712AD0861407AE1735D35F64140,8,長谷町24-1,屋内,長谷公民館,風水害時
378,0101000020E6100000AAA74E9D9F086140A9B225F9F4F54140,10,北坂下町7,屋内,北坂下・殿集落センター,全災害時
379,0101000020E6100000AAA74E9D9F086140A9B225F9F4F54140,10,北坂下町7,屋内・屋外,北坂下・殿集落センター,全災害時
380,0101000020E610000092F731DADE086140EC036DC190F54140,10,大谷町5-15,屋内・屋外,大谷集落センター,全災害時
381,0101000020E6100000BCC95348A3086140103960321BF64140,10,北坂下町,屋外,小次郎公園駐車場,全災害時
382,0101000020E6100000CA51FBD0E70861402BEA8F81D7F54140,10,南中町6-44,屋内・屋外,南中集落センター,全災害時
383,0101000020E610000043DCBCAA2F09614069334BE7B7F54140,10,赤谷町,屋内・屋外,赤谷公民館,全災害時
384,0101000020E6100000A4ECC71726096140C9E8A7B2D2F44140,8,水間町6-26,屋内,水間町公民館,風水害時
385,0101000020E6100000422AE1351D096140EC03203E05F54140,10,水間町,屋外,グラウンド,全災害時
386,0101000020E61000002A21673341096140D0C137A095F44140,8,柳元町6-20,屋内,柳元町集落センター,風水害時
387,0101000020E610000069F931465009614068ABCFD231F44140,8,市野々町6-25,屋内,市野々公民館,風水害時
388,0101000020E6100000CFA834F70606614013EC70FF29F44140,10,"押田二丁目１?１５

",屋外,アスピカホール国高　駐車場,全災害時
389,0101000020E61000001147B30703066140B5DBBB61A2EE4140,5,中平吹町80-1-1,屋外,日野神社境内,全災害時（土砂災害危険区域内）
390,0101000020E61000007E8B90F9CA0561406B60D0A00FEF4140,5,下平吹町21-39,屋内・屋外,下平吹町生活改善センター,全災害時（土砂災害危険区域内）
391,0101000020E61000006791B14F6F066140FAD7DB4A1AF04140,5,荒谷町10,屋外,荒谷町公民館,全災害時（土砂災害危険区域内）
392,0101000020E6100000880BBF5EF50761403283CEB3BFEF4140,5,文室町,屋内,文室集落センター前,全災害時（土砂災害危険区域内）
393,0101000020E610000004642177F4076140EE86038EB9EF4140,5,文室町,屋外,文室集落センター駐車場,全災害時（土砂災害危険区域内）
394,0101000020E61000009106639196076140C6FE67E36FF14140,5,余川町55-1,屋外,越前の里駐車場,全災害時（土砂災害危険区域内）
395,0101000020E6100000495462C0AE07614046F4178D7AF24140,5,余川町3-3-24,屋外,余川公園,全災害時（土砂災害危険区域内）
396,0101000020E61000001B3CD7E54D086140F8FD91EA3AF14140,5,蓑脇町12-43,屋内・屋外,蓑脇ふれあい会館前,全災害時（土砂災害危険区域内）
397,0101000020E61000006ABCC8FB0B0961406C5B38A8ECF04140,5,入谷町5-26,屋外,入谷町集落センター駐車場,全災害時（土砂災害危険区域内）
398,0101000020E6100000DDB987A115096140873D31A272F04140,5,入谷町33-7,屋外,鵜甘神社境内,全災害時（土砂災害危険区域内）
399,0101000020E6100000393A0BACC1086140DDAB126E36F14140,5,中居町19-15,屋内,中居町ふれあい会館,風水害時（土砂災害危険区域内）
400,0101000020E6100000FF5EBA4AB00161404323BBAE97F44140,5,粟野町地係,屋外,粟野町集会所前（旧粟野冬季分校）,全災害時（土砂災害危険区域内）
401,0101000020E6100000970D307097016140DC8F1B233DF34140,5,牧町地係,屋外,神社ポール付近,全災害時（土砂災害危険区域内）
402,0101000020E61000004634E1382D01614045B766ADCCF14140,5,千合谷町31-63,屋外,千合谷町ふれあい会館前広場,全災害時（土砂災害危険区域内）
403,0101000020E610000063E192549101614067FF7590DCF04140,5,菖蒲谷町10,屋外,菖蒲谷町集落センター,全災害時（土砂災害危険区域内）
404,0101000020E6100000246CA90CAA016140DD138A3127F14140,5,堀町15,屋内,堀町ふれあい会館,全災害時（土砂災害危険区域内）
405,0101000020E6100000310009E3710161401E2BD201D1EF4140,5,安戸町,屋外,旧土山小谷バス停留所,全災害時（土砂災害危険区域内）
406,0101000020E6100000861507D275016140A29414770FF04140,5,土山町5-3,屋内,願成寺,風水害時（土砂災害危険区域内）
407,0101000020E61000002E6BAF2D4B026140DDE575F9A6F04140,5,丸岡町49-2,屋内・屋外,沓掛町公民館,全災害時（土砂災害危険区域内）
408,0101000020E6100000EC12D12622026140C564D1D1CCF14140,5,上黒川町55-38,屋内,上黒川町改善センター,風水害時（土砂災害危険区域内）
409,0101000020E6100000A4A63291B1026140492E6AB560EE4140,5,勾当原町9-16,屋内・屋外,勾当原町ふれあい会館,全災害時（土砂災害危険区域内）
410,0101000020E6100000826F906E9A0261400B1A14F6AEED4140,5,湯谷町29-8-1,屋内・屋外,湯谷町ふれあい会館,全災害時（土砂災害危険区域内）
411,0101000020E61000005D566756DD026140158BFA5710ED4140,5,下別所町,屋内,下別所町公民館,全災害時（土砂災害危険区域内）
412,0101000020E6100000D27FE2A70B0361401785783DBBED4140,5,下中津原町54-13,屋内,下中津原構造改善センター,全災害時（土砂災害危険区域内）
413,0101000020E61000002F94479075036140F37D11018FED4140,5,中津原町73-31,屋外,中津原町公民館,全災害時（土砂災害危険区域内）
