<PAMDataset>
  <Metadata>
    <MDI key="DTED_CompilationDate">0002</MDI>
    <MDI key="DTED_DataEdition">02</MDI>
    <MDI key="DTED_DigitizingSystem">SRTM      </MDI>
    <MDI key="DTED_HorizontalAccuracy">0009</MDI>
    <MDI key="DTED_HorizontalDatum">WGS84</MDI>
    <MDI key="DTED_MaintenanceDate">0000</MDI>
    <MDI key="DTED_MaintenanceDescription">0000</MDI>
    <MDI key="DTED_MatchMergeDate">0000</MDI>
    <MDI key="DTED_MatchMergeVersion">A</MDI>
    <MDI key="DTED_NimaDesignator">DTED2</MDI>
    <MDI key="DTED_OriginLatitude">0350000N</MDI>
    <MDI key="DTED_OriginLongitude">1380000E</MDI>
    <MDI key="DTED_Producer">USCNIMA </MDI>
    <MDI key="DTED_RelHorizontalAccuracy">NA  </MDI>
    <MDI key="DTED_RelVerticalAccuracy">0011</MDI>
    <MDI key="DTED_SecurityCode_DSI">U</MDI>
    <MDI key="DTED_SecurityCode_UHL">U  </MDI>
    <MDI key="DTED_UniqueRef_DSI">G11 051        </MDI>
    <MDI key="DTED_UniqueRef_UHL">G11 051     </MDI>
    <MDI key="DTED_VerticalAccuracy_ACC">0008</MDI>
    <MDI key="DTED_VerticalAccuracy_UHL">0008</MDI>
    <MDI key="DTED_VerticalDatum">E96</MDI>
  </Metadata>
  <PAMRasterBand band="1">
    <Metadata>
      <MDI key="STATISTICS_MAXIMUM">1123</MDI>
      <MDI key="STATISTICS_MEAN">353.58991304102</MDI>
      <MDI key="STATISTICS_MINIMUM">41</MDI>
      <MDI key="STATISTICS_STDDEV">188.87180644538</MDI>
      <MDI key="STATISTICS_VALID_PERCENT">98.24</MDI>
    </Metadata>
  </PAMRasterBand>
</PAMDataset>
